time_s,voltage_V
-1.900000000000000105e-05,-1.975999999999999979e-01
-1.898000000000000124e-05,-1.984000000000000208e-01
-1.896000000000000143e-05,-1.968000000000000027e-01
-1.894000000000000162e-05,-1.968000000000000027e-01
-1.892000000000000181e-05,-1.975999999999999979e-01
-1.890000000000000200e-05,-1.960000000000000075e-01
-1.888000000000000219e-05,-1.960000000000000075e-01
-1.886000000000000239e-05,-1.960000000000000075e-01
-1.884000000000000258e-05,-1.968000000000000027e-01
-1.881999999999999938e-05,-1.984000000000000208e-01
-1.879999999999999957e-05,-1.975999999999999979e-01
-1.877999999999999976e-05,-1.960000000000000075e-01
-1.875999999999999996e-05,-1.975999999999999979e-01
-1.874000000000000015e-05,-1.952000000000000124e-01
-1.872000000000000034e-05,-1.975999999999999979e-01
-1.870000000000000053e-05,-1.960000000000000075e-01
-1.868000000000000072e-05,-1.975999999999999979e-01
-1.866000000000000091e-05,-1.968000000000000027e-01
-1.864000000000000110e-05,-1.960000000000000075e-01
-1.862000000000000130e-05,-1.984000000000000208e-01
-1.860000000000000149e-05,-1.952000000000000124e-01
-1.858000000000000168e-05,-1.960000000000000075e-01
-1.856000000000000187e-05,-1.984000000000000208e-01
-1.854000000000000206e-05,-1.992000000000000159e-01
-1.852000000000000225e-05,-1.936000000000000221e-01
-1.850000000000000245e-05,-1.944000000000000172e-01
-1.848000000000000264e-05,-1.992000000000000159e-01
-1.845999999999999944e-05,-1.984000000000000208e-01
-1.843999999999999963e-05,-1.960000000000000075e-01
-1.841999999999999982e-05,-1.968000000000000027e-01
-1.840000000000000001e-05,-1.960000000000000075e-01
-1.838000000000000021e-05,-1.975999999999999979e-01
-1.836000000000000040e-05,-1.968000000000000027e-01
-1.834000000000000059e-05,-1.992000000000000159e-01
-1.832000000000000078e-05,-1.960000000000000075e-01
-1.830000000000000097e-05,-1.952000000000000124e-01
-1.828000000000000116e-05,-1.960000000000000075e-01
-1.826000000000000135e-05,-2.000000000000000111e-01
-1.824000000000000155e-05,-1.975999999999999979e-01
-1.822000000000000174e-05,-1.936000000000000221e-01
-1.820000000000000193e-05,-1.936000000000000221e-01
-1.818000000000000212e-05,-1.992000000000000159e-01
-1.816000000000000231e-05,-1.984000000000000208e-01
-1.814000000000000250e-05,-1.975999999999999979e-01
-1.812000000000000270e-05,-1.968000000000000027e-01
-1.809999999999999950e-05,-1.968000000000000027e-01
-1.807999999999999969e-05,-1.952000000000000124e-01
-1.805999999999999988e-05,-1.968000000000000027e-01
-1.804000000000000007e-05,-1.952000000000000124e-01
-1.802000000000000026e-05,-1.975999999999999979e-01
-1.800000000000000046e-05,-1.968000000000000027e-01
-1.798000000000000065e-05,-1.952000000000000124e-01
-1.796000000000000084e-05,-1.968000000000000027e-01
-1.794000000000000103e-05,-1.975999999999999979e-01
-1.792000000000000122e-05,-1.960000000000000075e-01
-1.790000000000000141e-05,-1.968000000000000027e-01
-1.788000000000000160e-05,-1.968000000000000027e-01
-1.786000000000000180e-05,-1.960000000000000075e-01
-1.784000000000000199e-05,-1.952000000000000124e-01
-1.782000000000000218e-05,-1.984000000000000208e-01
-1.780000000000000237e-05,-1.968000000000000027e-01
-1.778000000000000256e-05,-1.968000000000000027e-01
-1.775999999999999937e-05,-1.968000000000000027e-01
-1.773999999999999956e-05,-1.960000000000000075e-01
-1.771999999999999975e-05,-1.960000000000000075e-01
-1.769999999999999994e-05,-1.968000000000000027e-01
-1.768000000000000013e-05,-1.960000000000000075e-01
-1.766000000000000032e-05,-1.952000000000000124e-01
-1.764000000000000051e-05,-1.960000000000000075e-01
-1.762000000000000071e-05,-1.975999999999999979e-01
-1.760000000000000090e-05,-1.984000000000000208e-01
-1.758000000000000109e-05,-1.968000000000000027e-01
-1.756000000000000128e-05,-1.960000000000000075e-01
-1.754000000000000147e-05,-1.960000000000000075e-01
-1.752000000000000166e-05,-1.975999999999999979e-01
-1.750000000000000186e-05,-1.960000000000000075e-01
-1.748000000000000205e-05,-1.952000000000000124e-01
-1.746000000000000224e-05,-1.960000000000000075e-01
-1.744000000000000243e-05,-1.975999999999999979e-01
-1.741999999999999923e-05,-1.968000000000000027e-01
-1.740000000000000281e-05,-1.975999999999999979e-01
-1.737999999999999962e-05,-1.968000000000000027e-01
-1.735999999999999981e-05,-1.960000000000000075e-01
-1.734000000000000000e-05,-1.960000000000000075e-01
-1.732000000000000019e-05,-1.960000000000000075e-01
-1.730000000000000038e-05,-1.952000000000000124e-01
-1.728000000000000057e-05,-1.960000000000000075e-01
-1.726000000000000076e-05,-1.968000000000000027e-01
-1.724000000000000096e-05,-1.975999999999999979e-01
-1.722000000000000115e-05,-1.960000000000000075e-01
-1.720000000000000134e-05,-1.975999999999999979e-01
-1.718000000000000153e-05,-1.968000000000000027e-01
-1.716000000000000172e-05,-1.960000000000000075e-01
-1.714000000000000191e-05,-1.952000000000000124e-01
-1.712000000000000211e-05,-1.960000000000000075e-01
-1.710000000000000230e-05,-1.968000000000000027e-01
-1.707999999999999910e-05,-1.975999999999999979e-01
-1.706000000000000268e-05,-1.960000000000000075e-01
-1.703999999999999948e-05,-1.960000000000000075e-01
-1.701999999999999967e-05,-1.984000000000000208e-01
-1.699999999999999987e-05,-1.968000000000000027e-01
-1.698000000000000006e-05,-1.944000000000000172e-01
-1.696000000000000025e-05,-1.968000000000000027e-01
-1.694000000000000044e-05,-1.975999999999999979e-01
-1.692000000000000063e-05,-1.960000000000000075e-01
-1.690000000000000082e-05,-1.960000000000000075e-01
-1.688000000000000101e-05,-1.960000000000000075e-01
-1.686000000000000121e-05,-1.975999999999999979e-01
-1.684000000000000140e-05,-1.975999999999999979e-01
-1.682000000000000159e-05,-1.975999999999999979e-01
-1.680000000000000178e-05,-1.936000000000000221e-01
-1.678000000000000197e-05,-2.000000000000000111e-01
-1.676000000000000216e-05,-1.944000000000000172e-01
-1.674000000000000236e-05,-1.975999999999999979e-01
-1.672000000000000255e-05,-1.960000000000000075e-01
-1.669999999999999935e-05,-1.975999999999999979e-01
-1.667999999999999954e-05,-1.952000000000000124e-01
-1.665999999999999973e-05,-1.975999999999999979e-01
-1.663999999999999992e-05,-1.975999999999999979e-01
-1.662000000000000012e-05,-1.960000000000000075e-01
-1.660000000000000031e-05,-1.968000000000000027e-01
-1.658000000000000050e-05,-1.975999999999999979e-01
-1.656000000000000069e-05,-1.960000000000000075e-01
-1.654000000000000088e-05,-1.984000000000000208e-01
-1.652000000000000107e-05,-1.952000000000000124e-01
-1.650000000000000127e-05,-1.975999999999999979e-01
-1.648000000000000146e-05,-1.968000000000000027e-01
-1.646000000000000165e-05,-1.960000000000000075e-01
-1.644000000000000184e-05,-1.968000000000000027e-01
-1.642000000000000203e-05,-1.968000000000000027e-01
-1.640000000000000222e-05,-1.975999999999999979e-01
-1.638000000000000241e-05,-1.968000000000000027e-01
-1.635999999999999922e-05,-1.960000000000000075e-01
-1.634000000000000280e-05,-1.968000000000000027e-01
-1.631999999999999960e-05,-1.968000000000000027e-01
-1.629999999999999979e-05,-1.968000000000000027e-01
-1.627999999999999998e-05,-1.968000000000000027e-01
-1.626000000000000017e-05,-1.960000000000000075e-01
-1.624000000000000037e-05,-1.968000000000000027e-01
-1.622000000000000056e-05,-1.984000000000000208e-01
-1.620000000000000075e-05,-1.984000000000000208e-01
-1.618000000000000094e-05,-1.936000000000000221e-01
-1.616000000000000113e-05,-1.968000000000000027e-01
-1.614000000000000132e-05,-1.968000000000000027e-01
-1.612000000000000152e-05,-1.992000000000000159e-01
-1.610000000000000171e-05,-1.968000000000000027e-01
-1.608000000000000190e-05,-1.968000000000000027e-01
-1.606000000000000209e-05,-1.944000000000000172e-01
-1.604000000000000228e-05,-1.968000000000000027e-01
-1.601999999999999908e-05,-1.960000000000000075e-01
-1.600000000000000266e-05,-1.968000000000000027e-01
-1.597999999999999947e-05,-1.975999999999999979e-01
-1.595999999999999966e-05,-1.975999999999999979e-01
-1.593999999999999985e-05,-1.960000000000000075e-01
-1.592000000000000004e-05,-1.968000000000000027e-01
-1.590000000000000023e-05,-1.975999999999999979e-01
-1.588000000000000042e-05,-1.960000000000000075e-01
-1.586000000000000062e-05,-1.968000000000000027e-01
-1.584000000000000081e-05,-1.968000000000000027e-01
-1.582000000000000100e-05,-1.968000000000000027e-01
-1.580000000000000119e-05,-1.968000000000000027e-01
-1.578000000000000138e-05,-1.992000000000000159e-01
-1.576000000000000157e-05,-1.936000000000000221e-01
-1.574000000000000177e-05,-2.008000000000000063e-01
-1.572000000000000196e-05,-1.968000000000000027e-01
-1.570000000000000215e-05,-1.944000000000000172e-01
-1.568000000000000234e-05,-1.944000000000000172e-01
-1.566000000000000253e-05,-2.000000000000000111e-01
-1.563999999999999933e-05,-1.968000000000000027e-01
-1.561999999999999953e-05,-1.960000000000000075e-01
-1.559999999999999972e-05,-1.944000000000000172e-01
-1.557999999999999991e-05,-1.984000000000000208e-01
-1.556000000000000010e-05,-1.992000000000000159e-01
-1.554000000000000029e-05,-1.975999999999999979e-01
-1.552000000000000048e-05,-1.960000000000000075e-01
-1.550000000000000068e-05,-1.944000000000000172e-01
-1.548000000000000087e-05,-1.968000000000000027e-01
-1.546000000000000106e-05,-1.984000000000000208e-01
-1.544000000000000125e-05,-1.960000000000000075e-01
-1.542000000000000144e-05,-1.960000000000000075e-01
-1.540000000000000163e-05,-1.975999999999999979e-01
-1.538000000000000182e-05,-1.968000000000000027e-01
-1.536000000000000202e-05,-1.960000000000000075e-01
-1.534000000000000221e-05,-1.952000000000000124e-01
-1.532000000000000240e-05,-1.968000000000000027e-01
-1.529999999999999920e-05,-1.975999999999999979e-01
-1.528000000000000278e-05,-1.975999999999999979e-01
-1.525999999999999958e-05,-1.944000000000000172e-01
-1.524000000000000147e-05,-1.960000000000000075e-01
-1.521999999999999997e-05,-1.984000000000000208e-01
-1.520000000000000016e-05,-1.975999999999999979e-01
-1.518000000000000035e-05,-1.960000000000000075e-01
-1.516000000000000054e-05,-1.952000000000000124e-01
-1.514000000000000073e-05,-1.984000000000000208e-01
-1.512000000000000093e-05,-1.992000000000000159e-01
-1.510000000000000112e-05,-1.944000000000000172e-01
-1.508000000000000131e-05,-1.944000000000000172e-01
-1.506000000000000150e-05,-1.984000000000000208e-01
-1.504000000000000169e-05,-1.984000000000000208e-01
-1.502000000000000188e-05,-1.960000000000000075e-01
-1.500000000000000207e-05,-1.952000000000000124e-01
-1.498000000000000057e-05,-1.984000000000000208e-01
-1.496000000000000076e-05,-1.992000000000000159e-01
-1.494000000000000095e-05,-1.975999999999999979e-01
-1.492000000000000115e-05,-1.952000000000000124e-01
-1.490000000000000134e-05,-1.952000000000000124e-01
-1.487999999999999983e-05,-1.968000000000000027e-01
-1.486000000000000003e-05,-1.992000000000000159e-01
-1.484000000000000022e-05,-1.984000000000000208e-01
-1.482000000000000041e-05,-1.944000000000000172e-01
-1.480000000000000060e-05,-1.975999999999999979e-01
-1.478000000000000079e-05,-1.960000000000000075e-01
-1.476000000000000098e-05,-1.960000000000000075e-01
-1.474000000000000118e-05,-1.952000000000000124e-01
-1.472000000000000137e-05,-1.975999999999999979e-01
-1.470000000000000156e-05,-1.944000000000000172e-01
-1.468000000000000175e-05,-1.960000000000000075e-01
-1.466000000000000194e-05,-1.968000000000000027e-01
-1.464000000000000213e-05,-1.968000000000000027e-01
-1.462000000000000063e-05,-1.968000000000000027e-01
-1.460000000000000082e-05,-1.968000000000000027e-01
-1.458000000000000101e-05,-1.968000000000000027e-01
-1.456000000000000120e-05,-1.975999999999999979e-01
-1.453999999999999970e-05,-1.975999999999999979e-01
-1.451999999999999989e-05,-1.968000000000000027e-01
-1.450000000000000009e-05,-1.968000000000000027e-01
-1.448000000000000028e-05,-1.968000000000000027e-01
-1.446000000000000047e-05,-1.968000000000000027e-01
-1.444000000000000066e-05,-1.968000000000000027e-01
-1.442000000000000085e-05,-1.975999999999999979e-01
-1.440000000000000104e-05,-1.968000000000000027e-01
-1.438000000000000123e-05,-1.975999999999999979e-01
-1.436000000000000143e-05,-1.992000000000000159e-01
-1.434000000000000162e-05,-1.968000000000000027e-01
-1.432000000000000181e-05,-1.960000000000000075e-01
-1.430000000000000200e-05,-1.992000000000000159e-01
-1.428000000000000219e-05,-1.960000000000000075e-01
-1.426000000000000069e-05,-1.960000000000000075e-01
-1.424000000000000088e-05,-1.968000000000000027e-01
-1.422000000000000107e-05,-1.960000000000000075e-01
-1.420000000000000126e-05,-1.968000000000000027e-01
-1.417999999999999976e-05,-1.975999999999999979e-01
-1.415999999999999995e-05,-1.960000000000000075e-01
-1.414000000000000014e-05,-1.960000000000000075e-01
-1.412000000000000034e-05,-1.952000000000000124e-01
-1.410000000000000053e-05,-1.975999999999999979e-01
-1.408000000000000072e-05,-1.968000000000000027e-01
-1.406000000000000091e-05,-1.960000000000000075e-01
-1.404000000000000110e-05,-1.960000000000000075e-01
-1.402000000000000129e-05,-1.968000000000000027e-01
-1.400000000000000148e-05,-1.975999999999999979e-01
-1.398000000000000168e-05,-1.960000000000000075e-01
-1.396000000000000187e-05,-1.960000000000000075e-01
-1.394000000000000206e-05,-1.984000000000000208e-01
-1.392000000000000056e-05,-1.984000000000000208e-01
-1.390000000000000075e-05,-1.960000000000000075e-01
-1.388000000000000094e-05,-1.960000000000000075e-01
-1.386000000000000113e-05,-1.968000000000000027e-01
-1.384000000000000132e-05,-1.968000000000000027e-01
-1.381999999999999982e-05,-1.975999999999999979e-01
-1.380000000000000001e-05,-1.960000000000000075e-01
-1.378000000000000020e-05,-1.960000000000000075e-01
-1.376000000000000039e-05,-1.960000000000000075e-01
-1.374000000000000059e-05,-1.975999999999999979e-01
-1.372000000000000078e-05,-1.968000000000000027e-01
-1.370000000000000097e-05,-1.960000000000000075e-01
-1.368000000000000116e-05,-1.975999999999999979e-01
-1.366000000000000135e-05,-1.968000000000000027e-01
-1.364000000000000154e-05,-1.984000000000000208e-01
-1.362000000000000173e-05,-1.968000000000000027e-01
-1.360000000000000193e-05,-1.960000000000000075e-01
-1.358000000000000212e-05,-1.968000000000000027e-01
-1.356000000000000061e-05,-1.975999999999999979e-01
-1.354000000000000081e-05,-1.975999999999999979e-01
-1.352000000000000100e-05,-1.968000000000000027e-01
-1.350000000000000119e-05,-1.960000000000000075e-01
-1.347999999999999969e-05,-1.960000000000000075e-01
-1.345999999999999988e-05,-1.960000000000000075e-01
-1.344000000000000007e-05,-1.975999999999999979e-01
-1.342000000000000026e-05,-1.952000000000000124e-01
-1.340000000000000045e-05,-1.960000000000000075e-01
-1.338000000000000064e-05,-1.975999999999999979e-01
-1.336000000000000084e-05,-1.960000000000000075e-01
-1.334000000000000103e-05,-1.936000000000000221e-01
-1.332000000000000122e-05,-1.960000000000000075e-01
-1.330000000000000141e-05,-1.960000000000000075e-01
-1.328000000000000160e-05,-1.968000000000000027e-01
-1.326000000000000179e-05,-1.968000000000000027e-01
-1.324000000000000198e-05,-1.960000000000000075e-01
-1.322000000000000218e-05,-1.952000000000000124e-01
-1.320000000000000067e-05,-1.975999999999999979e-01
-1.318000000000000086e-05,-1.968000000000000027e-01
-1.316000000000000106e-05,-1.960000000000000075e-01
-1.314000000000000125e-05,-1.944000000000000172e-01
-1.311999999999999975e-05,-1.975999999999999979e-01
-1.309999999999999994e-05,-1.975999999999999979e-01
-1.308000000000000013e-05,-1.960000000000000075e-01
-1.306000000000000032e-05,-1.975999999999999979e-01
-1.304000000000000051e-05,-1.960000000000000075e-01
-1.302000000000000070e-05,-1.968000000000000027e-01
-1.300000000000000089e-05,-1.975999999999999979e-01
-1.298000000000000109e-05,-1.975999999999999979e-01
-1.296000000000000128e-05,-1.952000000000000124e-01
-1.294000000000000147e-05,-1.960000000000000075e-01
-1.292000000000000166e-05,-1.960000000000000075e-01
-1.290000000000000185e-05,-1.984000000000000208e-01
-1.288000000000000204e-05,-1.960000000000000075e-01
-1.286000000000000054e-05,-1.944000000000000172e-01
-1.284000000000000073e-05,-1.975999999999999979e-01
-1.282000000000000092e-05,-1.975999999999999979e-01
-1.280000000000000111e-05,-1.944000000000000172e-01
-1.278000000000000131e-05,-1.920000000000000040e-01
-1.275999999999999980e-05,-2.008000000000000063e-01
-1.274000000000000000e-05,-1.984000000000000208e-01
-1.272000000000000019e-05,-1.952000000000000124e-01
-1.270000000000000038e-05,-1.952000000000000124e-01
-1.268000000000000057e-05,-1.936000000000000221e-01
-1.266000000000000076e-05,-1.992000000000000159e-01
-1.264000000000000095e-05,-1.992000000000000159e-01
-1.262000000000000114e-05,-1.960000000000000075e-01
-1.260000000000000134e-05,-1.944000000000000172e-01
-1.258000000000000153e-05,-1.975999999999999979e-01
-1.256000000000000172e-05,-2.008000000000000063e-01
-1.254000000000000191e-05,-1.960000000000000075e-01
-1.252000000000000210e-05,-1.952000000000000124e-01
-1.250000000000000060e-05,-1.936000000000000221e-01
-1.248000000000000079e-05,-1.984000000000000208e-01
-1.246000000000000098e-05,-1.975999999999999979e-01
-1.244000000000000117e-05,-1.984000000000000208e-01
-1.241999999999999967e-05,-1.927999999999999992e-01
-1.239999999999999986e-05,-1.960000000000000075e-01
-1.238000000000000005e-05,-2.008000000000000063e-01
-1.236000000000000025e-05,-1.992000000000000159e-01
-1.234000000000000044e-05,-1.936000000000000221e-01
-1.232000000000000063e-05,-1.952000000000000124e-01
-1.230000000000000082e-05,-1.968000000000000027e-01
-1.228000000000000101e-05,-2.008000000000000063e-01
-1.226000000000000120e-05,-1.960000000000000075e-01
-1.224000000000000139e-05,-1.944000000000000172e-01
-1.222000000000000159e-05,-1.960000000000000075e-01
-1.220000000000000178e-05,-1.968000000000000027e-01
-1.218000000000000197e-05,-1.975999999999999979e-01
-1.216000000000000216e-05,-1.975999999999999979e-01
-1.214000000000000066e-05,-1.952000000000000124e-01
-1.212000000000000085e-05,-1.952000000000000124e-01
-1.210000000000000104e-05,-1.975999999999999979e-01
-1.208000000000000123e-05,-1.975999999999999979e-01
-1.205999999999999973e-05,-1.952000000000000124e-01
-1.203999999999999992e-05,-1.960000000000000075e-01
-1.202000000000000011e-05,-1.984000000000000208e-01
-1.200000000000000030e-05,-1.968000000000000027e-01
-1.198000000000000050e-05,-1.960000000000000075e-01
-1.196000000000000069e-05,-1.968000000000000027e-01
-1.194000000000000088e-05,-1.975999999999999979e-01
-1.192000000000000107e-05,-1.968000000000000027e-01
-1.190000000000000126e-05,-1.984000000000000208e-01
-1.188000000000000145e-05,-1.960000000000000075e-01
-1.186000000000000164e-05,-1.960000000000000075e-01
-1.184000000000000184e-05,-1.975999999999999979e-01
-1.182000000000000203e-05,-1.968000000000000027e-01
-1.180000000000000052e-05,-1.975999999999999979e-01
-1.178000000000000072e-05,-1.984000000000000208e-01
-1.176000000000000091e-05,-1.975999999999999979e-01
-1.174000000000000110e-05,-1.960000000000000075e-01
-1.172000000000000129e-05,-1.968000000000000027e-01
-1.169999999999999979e-05,-1.984000000000000208e-01
-1.167999999999999998e-05,-1.968000000000000027e-01
-1.166000000000000017e-05,-1.975999999999999979e-01
-1.164000000000000036e-05,-1.984000000000000208e-01
-1.162000000000000055e-05,-1.992000000000000159e-01
-1.160000000000000075e-05,-1.960000000000000075e-01
-1.158000000000000094e-05,-1.968000000000000027e-01
-1.156000000000000113e-05,-1.984000000000000208e-01
-1.154000000000000132e-05,-1.968000000000000027e-01
-1.152000000000000151e-05,-1.952000000000000124e-01
-1.150000000000000170e-05,-1.960000000000000075e-01
-1.148000000000000189e-05,-2.008000000000000063e-01
-1.146000000000000209e-05,-1.992000000000000159e-01
-1.144000000000000058e-05,-1.952000000000000124e-01
-1.142000000000000077e-05,-1.960000000000000075e-01
-1.140000000000000097e-05,-1.960000000000000075e-01
-1.138000000000000116e-05,-1.952000000000000124e-01
-1.136000000000000135e-05,-1.975999999999999979e-01
-1.134000000000000154e-05,-1.968000000000000027e-01
-1.132000000000000004e-05,-1.975999999999999979e-01
-1.130000000000000023e-05,-1.984000000000000208e-01
-1.128000000000000042e-05,-1.975999999999999979e-01
-1.126000000000000061e-05,-1.960000000000000075e-01
-1.124000000000000080e-05,-1.952000000000000124e-01
-1.122000000000000100e-05,-1.992000000000000159e-01
-1.120000000000000119e-05,-1.975999999999999979e-01
-1.118000000000000138e-05,-1.960000000000000075e-01
-1.116000000000000157e-05,-1.975999999999999979e-01
-1.114000000000000007e-05,-1.952000000000000124e-01
-1.112000000000000026e-05,-1.960000000000000075e-01
-1.110000000000000045e-05,-1.968000000000000027e-01
-1.108000000000000064e-05,-1.975999999999999979e-01
-1.106000000000000083e-05,-1.960000000000000075e-01
-1.104000000000000103e-05,-1.968000000000000027e-01
-1.102000000000000122e-05,-1.984000000000000208e-01
-1.100000000000000141e-05,-1.992000000000000159e-01
-1.098000000000000160e-05,-1.975999999999999979e-01
-1.096000000000000010e-05,-1.975999999999999979e-01
-1.094000000000000029e-05,-1.960000000000000075e-01
-1.092000000000000048e-05,-1.975999999999999979e-01
-1.090000000000000067e-05,-1.960000000000000075e-01
-1.088000000000000086e-05,-1.968000000000000027e-01
-1.086000000000000105e-05,-1.960000000000000075e-01
-1.084000000000000125e-05,-1.975999999999999979e-01
-1.082000000000000144e-05,-1.952000000000000124e-01
-1.080000000000000163e-05,-1.968000000000000027e-01
-1.078000000000000013e-05,-1.975999999999999979e-01
-1.076000000000000032e-05,-1.960000000000000075e-01
-1.074000000000000051e-05,-1.975999999999999979e-01
-1.072000000000000070e-05,-1.960000000000000075e-01
-1.070000000000000089e-05,-1.952000000000000124e-01
-1.068000000000000108e-05,-1.984000000000000208e-01
-1.066000000000000128e-05,-1.992000000000000159e-01
-1.064000000000000147e-05,-1.960000000000000075e-01
-1.062000000000000166e-05,-1.960000000000000075e-01
-1.060000000000000016e-05,-1.984000000000000208e-01
-1.058000000000000035e-05,-1.975999999999999979e-01
-1.056000000000000054e-05,-1.960000000000000075e-01
-1.054000000000000073e-05,-1.960000000000000075e-01
-1.052000000000000092e-05,-1.975999999999999979e-01
-1.050000000000000111e-05,-1.975999999999999979e-01
-1.048000000000000130e-05,-1.975999999999999979e-01
-1.046000000000000150e-05,-1.968000000000000027e-01
-1.044000000000000169e-05,-1.968000000000000027e-01
-1.042000000000000018e-05,-1.984000000000000208e-01
-1.040000000000000038e-05,-1.975999999999999979e-01
-1.038000000000000057e-05,-1.960000000000000075e-01
-1.036000000000000076e-05,-1.968000000000000027e-01
-1.034000000000000095e-05,-1.975999999999999979e-01
-1.032000000000000114e-05,-1.968000000000000027e-01
-1.030000000000000133e-05,-1.975999999999999979e-01
-1.028000000000000153e-05,-1.952000000000000124e-01
-1.026000000000000002e-05,-1.960000000000000075e-01
-1.024000000000000021e-05,-1.975999999999999979e-01
-1.022000000000000041e-05,-1.960000000000000075e-01
-1.020000000000000060e-05,-1.952000000000000124e-01
-1.018000000000000079e-05,-1.960000000000000075e-01
-1.016000000000000098e-05,-1.968000000000000027e-01
-1.014000000000000117e-05,-1.968000000000000027e-01
-1.012000000000000136e-05,-1.960000000000000075e-01
-1.010000000000000155e-05,-1.968000000000000027e-01
-1.008000000000000005e-05,-1.960000000000000075e-01
-1.006000000000000024e-05,-1.975999999999999979e-01
-1.004000000000000044e-05,-1.975999999999999979e-01
-1.002000000000000063e-05,-1.960000000000000075e-01
-1.000000000000000082e-05,-1.968000000000000027e-01
-9.980000000000001010e-06,-1.992000000000000159e-01
-9.960000000000001201e-06,-1.960000000000000075e-01
-9.940000000000001392e-06,-1.968000000000000027e-01
-9.920000000000001584e-06,-1.968000000000000027e-01
-9.900000000000000081e-06,-1.960000000000000075e-01
-9.880000000000000273e-06,-1.968000000000000027e-01
-9.860000000000000464e-06,-1.968000000000000027e-01
-9.840000000000000656e-06,-1.960000000000000075e-01
-9.820000000000000847e-06,-1.984000000000000208e-01
-9.800000000000001039e-06,-1.975999999999999979e-01
-9.780000000000001230e-06,-1.960000000000000075e-01
-9.760000000000001422e-06,-1.968000000000000027e-01
-9.740000000000001613e-06,-1.968000000000000027e-01
-9.720000000000000111e-06,-1.984000000000000208e-01
-9.700000000000000302e-06,-1.968000000000000027e-01
-9.680000000000000494e-06,-1.984000000000000208e-01
-9.660000000000000685e-06,-1.968000000000000027e-01
-9.640000000000000877e-06,-1.968000000000000027e-01
-9.620000000000001068e-06,-1.975999999999999979e-01
-9.600000000000001260e-06,-1.952000000000000124e-01
-9.580000000000001451e-06,-1.968000000000000027e-01
-9.560000000000001643e-06,-1.975999999999999979e-01
-9.540000000000000140e-06,-1.975999999999999979e-01
-9.520000000000000332e-06,-1.975999999999999979e-01
-9.500000000000000523e-06,-1.975999999999999979e-01
-9.480000000000000715e-06,-1.975999999999999979e-01
-9.460000000000000906e-06,-1.968000000000000027e-01
-9.440000000000001097e-06,-1.968000000000000027e-01
-9.420000000000001289e-06,-1.960000000000000075e-01
-9.400000000000001480e-06,-1.952000000000000124e-01
-9.380000000000001672e-06,-1.968000000000000027e-01
-9.360000000000000169e-06,-1.960000000000000075e-01
-9.340000000000000361e-06,-1.975999999999999979e-01
-9.320000000000000552e-06,-1.968000000000000027e-01
-9.300000000000000744e-06,-1.975999999999999979e-01
-9.280000000000000935e-06,-1.968000000000000027e-01
-9.260000000000001127e-06,-1.975999999999999979e-01
-9.240000000000001318e-06,-1.984000000000000208e-01
-9.220000000000001510e-06,-1.960000000000000075e-01
-9.200000000000000007e-06,-1.975999999999999979e-01
-9.180000000000000199e-06,-1.975999999999999979e-01
-9.160000000000000390e-06,-1.968000000000000027e-01
-9.140000000000000582e-06,-1.968000000000000027e-01
-9.120000000000000773e-06,-1.975999999999999979e-01
-9.100000000000000965e-06,-1.968000000000000027e-01
-9.080000000000001156e-06,-1.984000000000000208e-01
-9.060000000000001348e-06,-1.975999999999999979e-01
-9.040000000000001539e-06,-1.960000000000000075e-01
-9.020000000000000037e-06,-1.975999999999999979e-01
-9.000000000000000228e-06,-1.975999999999999979e-01
-8.980000000000000419e-06,-1.975999999999999979e-01
-8.960000000000000611e-06,-1.968000000000000027e-01
-8.940000000000000802e-06,-1.975999999999999979e-01
-8.920000000000000994e-06,-1.975999999999999979e-01
-8.900000000000001185e-06,-1.975999999999999979e-01
-8.880000000000001377e-06,-1.960000000000000075e-01
-8.860000000000001568e-06,-1.992000000000000159e-01
-8.840000000000000066e-06,-1.952000000000000124e-01
-8.820000000000000257e-06,-1.975999999999999979e-01
-8.800000000000000449e-06,-1.968000000000000027e-01
-8.780000000000000640e-06,-1.960000000000000075e-01
-8.760000000000000832e-06,-1.984000000000000208e-01
-8.740000000000001023e-06,-1.975999999999999979e-01
-8.720000000000001215e-06,-1.960000000000000075e-01
-8.700000000000001406e-06,-1.975999999999999979e-01
-8.680000000000001598e-06,-1.975999999999999979e-01
-8.660000000000000095e-06,-1.975999999999999979e-01
-8.640000000000000287e-06,-1.968000000000000027e-01
-8.620000000000000478e-06,-1.975999999999999979e-01
-8.600000000000000670e-06,-1.960000000000000075e-01
-8.580000000000000861e-06,-1.984000000000000208e-01
-8.560000000000001053e-06,-1.975999999999999979e-01
-8.540000000000001244e-06,-1.952000000000000124e-01
-8.520000000000001436e-06,-1.975999999999999979e-01
-8.500000000000001627e-06,-1.975999999999999979e-01
-8.480000000000000124e-06,-1.968000000000000027e-01
-8.460000000000000316e-06,-1.975999999999999979e-01
-8.440000000000000507e-06,-1.975999999999999979e-01
-8.420000000000000699e-06,-1.968000000000000027e-01
-8.400000000000000890e-06,-1.975999999999999979e-01
-8.380000000000001082e-06,-1.975999999999999979e-01
-8.360000000000001273e-06,-1.968000000000000027e-01
-8.340000000000001465e-06,-1.944000000000000172e-01
-8.320000000000001656e-06,-1.992000000000000159e-01
-8.300000000000000154e-06,-1.968000000000000027e-01
-8.280000000000000345e-06,-1.960000000000000075e-01
-8.260000000000000537e-06,-1.975999999999999979e-01
-8.240000000000000728e-06,-1.984000000000000208e-01
-8.220000000000000920e-06,-1.975999999999999979e-01
-8.200000000000001111e-06,-1.968000000000000027e-01
-8.180000000000001303e-06,-1.960000000000000075e-01
-8.160000000000001494e-06,-1.968000000000000027e-01
-8.139999999999999992e-06,-1.975999999999999979e-01
-8.120000000000000183e-06,-1.968000000000000027e-01
-8.100000000000000375e-06,-1.968000000000000027e-01
-8.080000000000000566e-06,-1.984000000000000208e-01
-8.060000000000000758e-06,-1.960000000000000075e-01
-8.040000000000000949e-06,-1.960000000000000075e-01
-8.020000000000001141e-06,-1.984000000000000208e-01
-8.000000000000001332e-06,-1.984000000000000208e-01
-7.980000000000001524e-06,-1.944000000000000172e-01
-7.960000000000000021e-06,-1.960000000000000075e-01
-7.940000000000000212e-06,-1.984000000000000208e-01
-7.920000000000000404e-06,-1.960000000000000075e-01
-7.900000000000000595e-06,-1.968000000000000027e-01
-7.880000000000000787e-06,-1.960000000000000075e-01
-7.860000000000000978e-06,-1.968000000000000027e-01
-7.840000000000001170e-06,-1.984000000000000208e-01
-7.820000000000001361e-06,-1.960000000000000075e-01
-7.800000000000001553e-06,-1.960000000000000075e-01
-7.780000000000000050e-06,-1.968000000000000027e-01
-7.760000000000000242e-06,-1.984000000000000208e-01
-7.740000000000000433e-06,-1.975999999999999979e-01
-7.720000000000000625e-06,-1.960000000000000075e-01
-7.700000000000000816e-06,-1.984000000000000208e-01
-7.680000000000001008e-06,-1.975999999999999979e-01
-7.660000000000001199e-06,-1.968000000000000027e-01
-7.640000000000001391e-06,-1.984000000000000208e-01
-7.620000000000001582e-06,-1.968000000000000027e-01
-7.600000000000000080e-06,-1.968000000000000027e-01
-7.580000000000000271e-06,-1.975999999999999979e-01
-7.560000000000000463e-06,-1.968000000000000027e-01
-7.540000000000000654e-06,-1.968000000000000027e-01
-7.520000000000000846e-06,-1.975999999999999979e-01
-7.500000000000001037e-06,-1.975999999999999979e-01
-7.480000000000001229e-06,-1.968000000000000027e-01
-7.460000000000001420e-06,-1.975999999999999979e-01
-7.440000000000001612e-06,-1.952000000000000124e-01
-7.420000000000000109e-06,-1.968000000000000027e-01
-7.400000000000000300e-06,-1.960000000000000075e-01
-7.380000000000000492e-06,-1.960000000000000075e-01
-7.360000000000000683e-06,-1.960000000000000075e-01
-7.340000000000000875e-06,-1.968000000000000027e-01
-7.320000000000001066e-06,-1.968000000000000027e-01
-7.300000000000001258e-06,-1.960000000000000075e-01
-7.280000000000001449e-06,-1.975999999999999979e-01
-7.260000000000001641e-06,-1.968000000000000027e-01
-7.240000000000000138e-06,-1.960000000000000075e-01
-7.220000000000000330e-06,-1.968000000000000027e-01
-7.200000000000000521e-06,-1.984000000000000208e-01
-7.180000000000000713e-06,-1.968000000000000027e-01
-7.160000000000000904e-06,-1.975999999999999979e-01
-7.140000000000001096e-06,-1.960000000000000075e-01
-7.120000000000001287e-06,-1.952000000000000124e-01
-7.100000000000001479e-06,-1.968000000000000027e-01
-7.079999999999999976e-06,-1.984000000000000208e-01
-7.060000000000000168e-06,-1.975999999999999979e-01
-7.040000000000000359e-06,-1.968000000000000027e-01
-7.020000000000000551e-06,-1.968000000000000027e-01
-7.000000000000000742e-06,-1.975999999999999979e-01
-6.980000000000000934e-06,-1.984000000000000208e-01
-6.960000000000001125e-06,-1.968000000000000027e-01
-6.940000000000001316e-06,-1.968000000000000027e-01
-6.920000000000001508e-06,-1.968000000000000027e-01
-6.900000000000000005e-06,-1.960000000000000075e-01
-6.880000000000000197e-06,-1.960000000000000075e-01
-6.860000000000000388e-06,-1.952000000000000124e-01
-6.840000000000000580e-06,-1.975999999999999979e-01
-6.820000000000000771e-06,-1.968000000000000027e-01
-6.800000000000000963e-06,-1.975999999999999979e-01
-6.780000000000001154e-06,-1.975999999999999979e-01
-6.760000000000001346e-06,-1.968000000000000027e-01
-6.740000000000001537e-06,-1.968000000000000027e-01
-6.720000000000000035e-06,-1.968000000000000027e-01
-6.700000000000000226e-06,-1.968000000000000027e-01
-6.680000000000000418e-06,-1.992000000000000159e-01
-6.660000000000000609e-06,-1.944000000000000172e-01
-6.640000000000000801e-06,-1.984000000000000208e-01
-6.620000000000000992e-06,-1.944000000000000172e-01
-6.600000000000001184e-06,-1.992000000000000159e-01
-6.580000000000001375e-06,-1.984000000000000208e-01
-6.560000000000001567e-06,-1.960000000000000075e-01
-6.540000000000000064e-06,-1.960000000000000075e-01
-6.520000000000000256e-06,-1.975999999999999979e-01
-6.500000000000000447e-06,-1.975999999999999979e-01
-6.480000000000000639e-06,-1.984000000000000208e-01
-6.460000000000000830e-06,-1.960000000000000075e-01
-6.440000000000001021e-06,-1.968000000000000027e-01
-6.420000000000001213e-06,-1.975999999999999979e-01
-6.400000000000001404e-06,-1.984000000000000208e-01
-6.380000000000001596e-06,-1.968000000000000027e-01
-6.360000000000000093e-06,-1.952000000000000124e-01
-6.340000000000000285e-06,-1.968000000000000027e-01
-6.320000000000000476e-06,-1.968000000000000027e-01
-6.300000000000000668e-06,-1.968000000000000027e-01
-6.280000000000000859e-06,-1.952000000000000124e-01
-6.260000000000001051e-06,-1.960000000000000075e-01
-6.240000000000001242e-06,-1.968000000000000027e-01
-6.220000000000001434e-06,-1.975999999999999979e-01
-6.200000000000001625e-06,-1.960000000000000075e-01
-6.180000000000000123e-06,-1.960000000000000075e-01
-6.160000000000000314e-06,-1.984000000000000208e-01
-6.140000000000000506e-06,-1.984000000000000208e-01
-6.120000000000000697e-06,-1.952000000000000124e-01
-6.100000000000000889e-06,-1.968000000000000027e-01
-6.080000000000001080e-06,-1.960000000000000075e-01
-6.060000000000001272e-06,-1.984000000000000208e-01
-6.040000000000001463e-06,-1.975999999999999979e-01
-6.019999999999999961e-06,-1.952000000000000124e-01
-6.000000000000000152e-06,-1.968000000000000027e-01
-5.980000000000000343e-06,-1.968000000000000027e-01
-5.960000000000000535e-06,-1.975999999999999979e-01
-5.940000000000000726e-06,-1.952000000000000124e-01
-5.920000000000000918e-06,-1.968000000000000027e-01
-5.900000000000001109e-06,-1.975999999999999979e-01
-5.880000000000001301e-06,-1.975999999999999979e-01
-5.860000000000001492e-06,-1.984000000000000208e-01
-5.839999999999999990e-06,-1.968000000000000027e-01
-5.820000000000000181e-06,-1.952000000000000124e-01
-5.800000000000000373e-06,-1.960000000000000075e-01
-5.780000000000000564e-06,-1.975999999999999979e-01
-5.760000000000000756e-06,-1.968000000000000027e-01
-5.740000000000000947e-06,-1.960000000000000075e-01
-5.720000000000001139e-06,-2.000000000000000111e-01
-5.700000000000001330e-06,-1.968000000000000027e-01
-5.680000000000001522e-06,-1.952000000000000124e-01
-5.660000000000000019e-06,-1.975999999999999979e-01
-5.640000000000000211e-06,-1.952000000000000124e-01
-5.620000000000000402e-06,-1.984000000000000208e-01
-5.600000000000000594e-06,-1.960000000000000075e-01
-5.580000000000000785e-06,-1.936000000000000221e-01
-5.560000000000000977e-06,-1.984000000000000208e-01
-5.540000000000001168e-06,-1.960000000000000075e-01
-5.520000000000001360e-06,-1.975999999999999979e-01
-5.500000000000001551e-06,-1.975999999999999979e-01
-5.480000000000000048e-06,-1.960000000000000075e-01
-5.460000000000000240e-06,-1.936000000000000221e-01
-5.440000000000000431e-06,-1.968000000000000027e-01
-5.420000000000000623e-06,-1.984000000000000208e-01
-5.400000000000000814e-06,-1.968000000000000027e-01
-5.380000000000001006e-06,-1.952000000000000124e-01
-5.360000000000001197e-06,-1.992000000000000159e-01
-5.340000000000001389e-06,-1.968000000000000027e-01
-5.320000000000001580e-06,-1.968000000000000027e-01
-5.300000000000000078e-06,-1.968000000000000027e-01
-5.280000000000000269e-06,-1.984000000000000208e-01
-5.260000000000000461e-06,-1.968000000000000027e-01
-5.240000000000000652e-06,-1.960000000000000075e-01
-5.220000000000000844e-06,-1.968000000000000027e-01
-5.200000000000001035e-06,-1.968000000000000027e-01
-5.180000000000001227e-06,-1.975999999999999979e-01
-5.160000000000001418e-06,-1.968000000000000027e-01
-5.139999999999999916e-06,-1.975999999999999979e-01
-5.120000000000000107e-06,-1.975999999999999979e-01
-5.100000000000000299e-06,-1.968000000000000027e-01
-5.080000000000000490e-06,-1.968000000000000027e-01
-5.060000000000000682e-06,-1.984000000000000208e-01
-5.040000000000000873e-06,-1.968000000000000027e-01
-5.020000000000001065e-06,-1.944000000000000172e-01
-5.000000000000001256e-06,-1.968000000000000027e-01
-4.980000000000001448e-06,-1.975999999999999979e-01
-4.959999999999999945e-06,-1.968000000000000027e-01
-4.940000000000000136e-06,-1.968000000000000027e-01
-4.920000000000000328e-06,-1.968000000000000027e-01
-4.900000000000000519e-06,-1.975999999999999979e-01
-4.880000000000000711e-06,-1.968000000000000027e-01
-4.860000000000000902e-06,-1.968000000000000027e-01
-4.840000000000001094e-06,-1.952000000000000124e-01
-4.820000000000001285e-06,-1.968000000000000027e-01
-4.800000000000001477e-06,-1.975999999999999979e-01
-4.779999999999999974e-06,-1.960000000000000075e-01
-4.760000000000000166e-06,-1.960000000000000075e-01
-4.740000000000000357e-06,-1.975999999999999979e-01
-4.720000000000000549e-06,-1.952000000000000124e-01
-4.700000000000000740e-06,-1.960000000000000075e-01
-4.680000000000000932e-06,-1.968000000000000027e-01
-4.660000000000001123e-06,-1.952000000000000124e-01
-4.640000000000001315e-06,-1.960000000000000075e-01
-4.620000000000001506e-06,-1.968000000000000027e-01
-4.600000000000000004e-06,-1.975999999999999979e-01
-4.580000000000000195e-06,-1.968000000000000027e-01
-4.560000000000000387e-06,-1.968000000000000027e-01
-4.540000000000000578e-06,-1.968000000000000027e-01
-4.520000000000000770e-06,-1.968000000000000027e-01
-4.500000000000000961e-06,-1.960000000000000075e-01
-4.480000000000001153e-06,-1.968000000000000027e-01
-4.460000000000001344e-06,-1.944000000000000172e-01
-4.440000000000001535e-06,-1.952000000000000124e-01
-4.420000000000000033e-06,-2.008000000000000063e-01
-4.400000000000000224e-06,-1.960000000000000075e-01
-4.380000000000000416e-06,-1.936000000000000221e-01
-4.360000000000000607e-06,-1.992000000000000159e-01
-4.340000000000000799e-06,-1.992000000000000159e-01
-4.320000000000000990e-06,-1.920000000000000040e-01
-4.300000000000001182e-06,-1.952000000000000124e-01
-4.280000000000001373e-06,-1.960000000000000075e-01
-4.260000000000001565e-06,-1.968000000000000027e-01
-4.240000000000000062e-06,-1.984000000000000208e-01
-4.220000000000000254e-06,-1.960000000000000075e-01
-4.200000000000000445e-06,-1.975999999999999979e-01
-4.180000000000000637e-06,-2.023999999999999966e-01
-4.160000000000000828e-06,-1.927999999999999992e-01
-4.140000000000001020e-06,-1.952000000000000124e-01
-4.120000000000001211e-06,-1.984000000000000208e-01
-4.100000000000001403e-06,-1.936000000000000221e-01
-4.079999999999999900e-06,-1.992000000000000159e-01
-4.060000000000000092e-06,-1.960000000000000075e-01
-4.040000000000000283e-06,-1.952000000000000124e-01
-4.020000000000000475e-06,-1.992000000000000159e-01
-4.000000000000000666e-06,-1.968000000000000027e-01
-3.980000000000000858e-06,-1.936000000000000221e-01
-3.960000000000001049e-06,-1.960000000000000075e-01
-3.940000000000001240e-06,-1.968000000000000027e-01
-3.920000000000001432e-06,-1.984000000000000208e-01
-3.899999999999999929e-06,-1.952000000000000124e-01
-3.880000000000000121e-06,-1.984000000000000208e-01
-3.860000000000000312e-06,-1.975999999999999979e-01
-3.840000000000000504e-06,-1.984000000000000208e-01
-3.820000000000000695e-06,-1.992000000000000159e-01
-3.800000000000000887e-06,-1.968000000000000027e-01
-3.780000000000001078e-06,-1.952000000000000124e-01
-3.760000000000001270e-06,-1.944000000000000172e-01
-3.740000000000001461e-06,-1.975999999999999979e-01
-3.720000000000001653e-06,-1.968000000000000027e-01
-3.700000000000001844e-06,-1.992000000000000159e-01
-3.680000000000002036e-06,-2.016000000000000014e-01
-3.660000000000002227e-06,-1.952000000000000124e-01
-3.639999999999999031e-06,-1.952000000000000124e-01
-3.619999999999999222e-06,-1.960000000000000075e-01
-3.599999999999999414e-06,-1.952000000000000124e-01
-3.579999999999999605e-06,-2.008000000000000063e-01
-3.559999999999999797e-06,-1.968000000000000027e-01
-3.539999999999999988e-06,-1.944000000000000172e-01
-3.520000000000000180e-06,-1.960000000000000075e-01
-3.500000000000000371e-06,-1.968000000000000027e-01
-3.480000000000000563e-06,-1.984000000000000208e-01
-3.460000000000000754e-06,-1.968000000000000027e-01
-3.440000000000000945e-06,-1.960000000000000075e-01
-3.420000000000001137e-06,-1.936000000000000221e-01
-3.400000000000001328e-06,-1.927999999999999992e-01
-3.380000000000001520e-06,-1.975999999999999979e-01
-3.360000000000001711e-06,-2.000000000000000111e-01
-3.340000000000001903e-06,-1.968000000000000027e-01
-3.320000000000002094e-06,-1.960000000000000075e-01
-3.300000000000002286e-06,-1.960000000000000075e-01
-3.279999999999999089e-06,-1.952000000000000124e-01
-3.259999999999999281e-06,-1.992000000000000159e-01
-3.239999999999999472e-06,-1.968000000000000027e-01
-3.219999999999999664e-06,-1.968000000000000027e-01
-3.199999999999999855e-06,-1.936000000000000221e-01
-3.180000000000000047e-06,-1.952000000000000124e-01
-3.160000000000000238e-06,-2.008000000000000063e-01
-3.140000000000000430e-06,-2.000000000000000111e-01
-3.120000000000000621e-06,-1.975999999999999979e-01
-3.100000000000000813e-06,-1.968000000000000027e-01
-3.080000000000001004e-06,-1.960000000000000075e-01
-3.060000000000001196e-06,-1.960000000000000075e-01
-3.040000000000001387e-06,-1.960000000000000075e-01
-3.020000000000001579e-06,-2.016000000000000014e-01
-3.000000000000001770e-06,-1.960000000000000075e-01
-2.980000000000001962e-06,-1.936000000000000221e-01
-2.960000000000002153e-06,-1.960000000000000075e-01
-2.940000000000002345e-06,-1.975999999999999979e-01
-2.919999999999999148e-06,-2.008000000000000063e-01
-2.899999999999999339e-06,-1.968000000000000027e-01
-2.879999999999999531e-06,-1.960000000000000075e-01
-2.859999999999999722e-06,-1.975999999999999979e-01
-2.839999999999999914e-06,-1.968000000000000027e-01
-2.820000000000000105e-06,-1.992000000000000159e-01
-2.800000000000000297e-06,-1.968000000000000027e-01
-2.780000000000000488e-06,-1.984000000000000208e-01
-2.760000000000000680e-06,-1.968000000000000027e-01
-2.740000000000000871e-06,-1.920000000000000040e-01
-2.720000000000001063e-06,-1.984000000000000208e-01
-2.700000000000001254e-06,-1.992000000000000159e-01
-2.680000000000001446e-06,-1.984000000000000208e-01
-2.660000000000001637e-06,-1.968000000000000027e-01
-2.640000000000001829e-06,-1.960000000000000075e-01
-2.620000000000002020e-06,-1.968000000000000027e-01
-2.600000000000002212e-06,-2.032000000000000195e-01
-2.579999999999999015e-06,-1.952000000000000124e-01
-2.559999999999999207e-06,-1.927999999999999992e-01
-2.539999999999999398e-06,-1.968000000000000027e-01
-2.519999999999999590e-06,-1.984000000000000208e-01
-2.499999999999999781e-06,-1.984000000000000208e-01
-2.479999999999999972e-06,-1.952000000000000124e-01
-2.460000000000000164e-06,-1.960000000000000075e-01
-2.440000000000000355e-06,-1.975999999999999979e-01
-2.420000000000000547e-06,-2.032000000000000195e-01
-2.400000000000000738e-06,-1.968000000000000027e-01
-2.380000000000000930e-06,-1.920000000000000040e-01
-2.360000000000001121e-06,-1.952000000000000124e-01
-2.340000000000001313e-06,-2.000000000000000111e-01
-2.320000000000001504e-06,-1.975999999999999979e-01
-2.300000000000001696e-06,-1.952000000000000124e-01
-2.280000000000001887e-06,-1.975999999999999979e-01
-2.260000000000002079e-06,-1.992000000000000159e-01
-2.240000000000002270e-06,-1.968000000000000027e-01
-2.219999999999999074e-06,-1.960000000000000075e-01
-2.199999999999999265e-06,-1.984000000000000208e-01
-2.179999999999999457e-06,-1.968000000000000027e-01
-2.159999999999999648e-06,-1.984000000000000208e-01
-2.139999999999999840e-06,-1.992000000000000159e-01
-2.120000000000000031e-06,-1.936000000000000221e-01
-2.100000000000000223e-06,-1.952000000000000124e-01
-2.080000000000000414e-06,-1.975999999999999979e-01
-2.060000000000000606e-06,-2.000000000000000111e-01
-2.040000000000000797e-06,-1.975999999999999979e-01
-2.020000000000000989e-06,-1.960000000000000075e-01
-2.000000000000001180e-06,-1.952000000000000124e-01
-1.980000000000001372e-06,-1.968000000000000027e-01
-1.960000000000001563e-06,-1.984000000000000208e-01
-1.940000000000001755e-06,-1.968000000000000027e-01
-1.920000000000001946e-06,-1.960000000000000075e-01
-1.900000000000002137e-06,-1.968000000000000027e-01
-1.880000000000002329e-06,-1.968000000000000027e-01
-1.859999999999999132e-06,-1.975999999999999979e-01
-1.839999999999999324e-06,-2.000000000000000111e-01
-1.819999999999999515e-06,-1.944000000000000172e-01
-1.799999999999999707e-06,-1.791999999999999982e-01
-1.779999999999999898e-06,-1.360000000000000098e-02
-1.760000000000000090e-06,-2.056000000000000050e-01
-1.740000000000000281e-06,-1.808000000000000163e-01
-1.720000000000000473e-06,-1.927999999999999992e-01
-1.700000000000000664e-06,-2.040000000000000147e-01
-1.680000000000000856e-06,-1.920000000000000040e-01
-1.660000000000001047e-06,-1.992000000000000159e-01
-1.640000000000001239e-06,-2.040000000000000147e-01
-1.620000000000001430e-06,-1.751999999999999946e-01
-1.600000000000001622e-06,-1.920000000000000040e-01
-1.580000000000001813e-06,-1.360000000000000098e-02
-1.560000000000002005e-06,-2.032000000000000195e-01
-1.540000000000002196e-06,-1.808000000000000163e-01
-1.519999999999998999e-06,-1.952000000000000124e-01
-1.499999999999999191e-06,-2.023999999999999966e-01
-1.479999999999999382e-06,-1.896000000000000185e-01
-1.459999999999999574e-06,-2.000000000000000111e-01
-1.439999999999999765e-06,-1.984000000000000208e-01
-1.419999999999999957e-06,-1.960000000000000075e-01
-1.400000000000000148e-06,-1.952000000000000124e-01
-1.380000000000000340e-06,-1.960000000000000075e-01
-1.360000000000000531e-06,-1.968000000000000027e-01
-1.340000000000000723e-06,-1.984000000000000208e-01
-1.320000000000000914e-06,-1.984000000000000208e-01
-1.300000000000001106e-06,-1.960000000000000075e-01
-1.280000000000001297e-06,-1.936000000000000221e-01
-1.260000000000001489e-06,-1.944000000000000172e-01
-1.240000000000001680e-06,-1.920000000000000040e-01
-1.220000000000001872e-06,-4.000000000000000083e-03
-1.200000000000002063e-06,-2.032000000000000195e-01
-1.180000000000002255e-06,-1.920000000000000040e-01
-1.159999999999999058e-06,-1.960000000000000075e-01
-1.139999999999999250e-06,-1.952000000000000124e-01
-1.119999999999999441e-06,-1.912000000000000088e-01
-1.099999999999999633e-06,-2.016000000000000014e-01
-1.079999999999999824e-06,-1.960000000000000075e-01
-1.060000000000000016e-06,-1.936000000000000221e-01
-1.040000000000000207e-06,-2.056000000000000050e-01
-1.020000000000000399e-06,-1.944000000000000172e-01
-1.000000000000000590e-06,-1.975999999999999979e-01
-9.800000000000007815e-07,-1.984000000000000208e-01
-9.600000000000009730e-07,-1.872000000000000053e-01
-9.400000000000011645e-07,-1.960000000000000075e-01
-9.200000000000013560e-07,-1.952000000000000124e-01
-9.000000000000015475e-07,-1.927999999999999992e-01
-8.800000000000017389e-07,-2.040000000000000147e-01
-8.600000000000019304e-07,-2.023999999999999966e-01
-8.400000000000021219e-07,-2.000000000000000111e-01
-8.200000000000023134e-07,-1.975999999999999979e-01
-7.999999999999991168e-07,-1.896000000000000185e-01
-7.799999999999993083e-07,-1.912000000000000088e-01
-7.599999999999994997e-07,-1.952000000000000124e-01
-7.399999999999996912e-07,-1.927999999999999992e-01
-7.199999999999998827e-07,-2.000000000000000111e-01
-7.000000000000000742e-07,-2.056000000000000050e-01
-6.800000000000002657e-07,-1.960000000000000075e-01
-6.600000000000004572e-07,-1.984000000000000208e-01
-6.400000000000006487e-07,-1.984000000000000208e-01
-6.200000000000008402e-07,-1.920000000000000040e-01
-6.000000000000010316e-07,-1.944000000000000172e-01
-5.800000000000012231e-07,-1.984000000000000208e-01
-5.600000000000014146e-07,-1.927999999999999992e-01
-5.400000000000016061e-07,-1.927999999999999992e-01
-5.200000000000017976e-07,-2.023999999999999966e-01
-5.000000000000019891e-07,-2.040000000000000147e-01
-4.800000000000021806e-07,-1.975999999999999979e-01
-4.599999999999989839e-07,-1.968000000000000027e-01
-4.399999999999991754e-07,-1.952000000000000124e-01
-4.199999999999993669e-07,-1.920000000000000040e-01
-3.999999999999995584e-07,-1.927999999999999992e-01
-3.799999999999997499e-07,-2.023999999999999966e-01
-3.599999999999999414e-07,-2.008000000000000063e-01
-3.400000000000001328e-07,-1.944000000000000172e-01
-3.200000000000003243e-07,-1.952000000000000124e-01
-3.000000000000005158e-07,-1.992000000000000159e-01
-2.800000000000007073e-07,-1.975999999999999979e-01
-2.600000000000008988e-07,-1.992000000000000159e-01
-2.400000000000010903e-07,-1.975999999999999979e-01
-2.200000000000012818e-07,-1.936000000000000221e-01
-2.000000000000014733e-07,-1.936000000000000221e-01
-1.800000000000016647e-07,-1.975999999999999979e-01
-1.600000000000018562e-07,-2.023999999999999966e-01
-1.400000000000020477e-07,-1.952000000000000124e-01
-1.200000000000022392e-07,-1.968000000000000027e-01
-9.999999999999904256e-08,-1.968000000000000027e-01
-7.999999999999923405e-08,-1.927999999999999992e-01
-5.999999999999942554e-08,-2.032000000000000195e-01
-3.999999999999961703e-08,-2.016000000000000014e-01
-1.999999999999980851e-08,-1.936000000000000221e-01
0.000000000000000000e+00,-1.904000000000000137e-01
1.999999999999980851e-08,-1.944000000000000172e-01
3.999999999999961703e-08,-2.064000000000000001e-01
5.999999999999942554e-08,-2.008000000000000063e-01
7.999999999999923405e-08,-2.016000000000000014e-01
9.999999999999904256e-08,-1.832000000000000017e-01
1.199999999999988511e-07,-1.768000000000000127e-01
1.399999999999986596e-07,-1.040000000000000126e-02
1.599999999999984681e-07,-3.200000000000000153e-03
1.799999999999982766e-07,-1.872000000000000053e-01
1.999999999999980851e-07,-1.968000000000000027e-01
2.199999999999978936e-07,-2.072000000000000230e-01
2.399999999999977022e-07,-1.927999999999999992e-01
2.600000000000008988e-07,-1.904000000000000137e-01
2.800000000000007073e-07,-1.680000000000000243e-02
3.000000000000005158e-07,-1.887999999999999956e-01
3.200000000000003243e-07,-1.839999999999999969e-01
3.400000000000001328e-07,-1.992000000000000159e-01
3.599999999999999414e-07,-2.016000000000000014e-01
3.799999999999997499e-07,-1.927999999999999992e-01
3.999999999999995584e-07,-2.048000000000000098e-01
4.199999999999993669e-07,-1.984000000000000208e-01
4.399999999999991754e-07,-1.944000000000000172e-01
4.599999999999989839e-07,-1.936000000000000221e-01
4.799999999999987924e-07,-1.984000000000000208e-01
4.999999999999986009e-07,-2.016000000000000014e-01
5.199999999999984095e-07,-1.968000000000000027e-01
5.399999999999982180e-07,-1.904000000000000137e-01
5.599999999999980265e-07,-1.960000000000000075e-01
5.799999999999978350e-07,-1.984000000000000208e-01
6.000000000000010316e-07,-1.992000000000000159e-01
6.200000000000008402e-07,-1.992000000000000159e-01
6.400000000000006487e-07,-1.944000000000000172e-01
6.600000000000004572e-07,-1.927999999999999992e-01
6.800000000000002657e-07,-1.960000000000000075e-01
7.000000000000000742e-07,-1.992000000000000159e-01
7.199999999999998827e-07,-2.008000000000000063e-01
7.399999999999996912e-07,-1.975999999999999979e-01
7.599999999999994997e-07,-1.952000000000000124e-01
7.799999999999993083e-07,-1.952000000000000124e-01
7.999999999999991168e-07,-1.984000000000000208e-01
8.199999999999989253e-07,-2.000000000000000111e-01
8.399999999999987338e-07,-1.975999999999999979e-01
8.599999999999985423e-07,-1.960000000000000075e-01
8.799999999999983508e-07,-1.968000000000000027e-01
8.999999999999981593e-07,-1.952000000000000124e-01
9.199999999999979678e-07,-1.984000000000000208e-01
9.399999999999977764e-07,-2.000000000000000111e-01
9.600000000000009730e-07,-1.968000000000000027e-01
9.800000000000007815e-07,-1.968000000000000027e-01
